no,title,image,ad,year,month,day,display
1,Fall of the Berlin Wall,https://th.bing.com/th/id/OIP.uno0VIsBgWAkfXQTQ-wqOwHaK0?w=204&h=299&c=7&r=0&o=5&pid=1.7,TRUE,1989,11,9,9th Nov 1989
2,Hubble Space Telescope,https://i.pinimg.com/736x/41/4c/e2/414ce2488eaef487e3655abd886ce59f--hubble-space-telescope-beautiful.jpg,TRUE,1990,1,1,1990
3,Wright Brothers' first successful flight,https://th.bing.com/th/id/OIP.91YM0DjqOFezMcP05pVC3gHaKY?pid=ImgDet&rs=1,TRUE,1903,12,17,"December 17, 1903"
4,Discovery of the New world by Christopher Columbus,https://s3.amazonaws.com/s3.timetoast.com/public/uploads/photo/11141971/image/cc207ecf40f94edc4479fa43a8809420,TRUE,1492,1,1,1492
5,The fall of the Roman Empire,https://th.bing.com/th/id/OIP.EqgbW0MVcq1SmOx0tMls3QHaJ4?pid=ImgDet&rs=1,TRUE,476,1,1,476 AD
6, Terrorist attacks of 9/11,https://th.bing.com/th/id/OIP.m9PcE3TM5PHzY0hsL2AMGgHaK1?pid=ImgDet&rs=1,TRUE,2001,9,11,11th Sept 2001
7,Sinking of the Titanic,https://th.bing.com/th/id/OIP.ZIlguXxinBWFU0vDmqGoGQHaKJ?pid=ImgDet&rs=1,TRUE,1912,4,15,15th April 1912
8,Black Death,https://cdn.history.com/sites/2/2016/10/list-jusitinan-Plaguet03.jpg,TRUE,1346,1,1,13th Century
9,Russian Revolution,https://s-media-cache-ak0.pinimg.com/736x/9e/59/de/9e59deeb4018344a2e53961cd4309a05.jpg,TRUE,1917,3,8,8th March 1917
10,first human spaceflight by Yuri Gagarin,https://cdn.mos.cms.futurecdn.net/xGAPXe3Ctg9763oTmtESm8.jpg,TRUE,1961,1,1,1961
11,Alexander Fleming discovers penicillin,https://www.sciencehistory.org/sites/default/files/styles/rte_full_width/public/historical_profile/bio-fleming-lab-bmsquibb.jpg?itok=Q8oC_HjC,TRUE,1928,1,1,1928
12,"Charles Darwin publishes ""On the Origin of Species,"" ",https://surfaceimpression.digital/wp-content/uploads/2017/04/Portrait_of_Charles_Darwin._Wellcome_M0010103.jpg,TRUE,1859,1,1,1859
13,Apollo 11 mission to Moon,https://cdn.history.com/sites/2/2016/05/Buzz_Aldrin_Apollo_Spacesuit.jpg,TRUE,1969,1,1,1969
14,The attack on Pearl Harbor,https://bloximages.chicago2.vip.townnews.com/tucson.com/content/tncms/assets/v3/editorial/3/c3/3c30679d-77fa-5b02-8650-b3eeb311d565/5a131aad78187.image.jpg?resize=1200%2C1544,TRUE,1941,1,1,1941
